,,
1,invoice,X00016469619
2,invoice,X00016469620
3,invoice,X00016469669
4,invoice,X00016469672
5,invoice,X51005200938
6,invoice,X51005230617
7,invoice,X51005255805
8,invoice,X51005268200
9,invoice,X51005268262
10,invoice,X51005268472
11,invoice,X51005301661
12,invoice,X51005301667
13,invoice,X51006388065
14,invoice,X51005303661
15,invoice,X51005361883
16,invoice,X51005361895
17,invoice,X51006388066
18,invoice,X51005361897
19,invoice,X51005361898
20,invoice,X51006388069
21,invoice,X51005361907
22,invoice,X51006389865
23,invoice,X51006389888
24,invoice,X51006389893
25,invoice,X51006392122
26,invoice,X51006392273
27,invoice,X51006392299
28,invoice,X51006393376
29,invoice,X51006393377
30,invoice,X51006401723
31,invoice,X51005361946
32,invoice,X51005361950
33,invoice,X51005365179
34,invoice,X51005433492
35,invoice,X51005433514
36,invoice,X51005433522
37,invoice,X51005433533
38,invoice,X51005433538
39,invoice,X51005433552
40,invoice,X51005433553
41,invoice,X51005441398
42,invoice,X51005441401
43,invoice,X51005441402
44,invoice,X51005441407
45,invoice,X51005442327
46,invoice,X51005442333
47,invoice,X51005442338
48,invoice,X51005442346
49,invoice,X51005442361
50,invoice,X51005442376
51,invoice,X51005442378
52,invoice,X51005442379
53,invoice,X51005442383
54,invoice,X51005442384
55,invoice,X51005442386
56,invoice,X51005442392
57,invoice,X51005442394
58,invoice,X51005442397
59,invoice,X51005444037
60,invoice,X51005444045
61,invoice,X51005447832
62,invoice,X51005447833
63,invoice,X51005447839
64,invoice,X51005447840
65,invoice,X51005447848
66,invoice,X51005447850
67,invoice,X51005447852
68,invoice,X51005447853
69,invoice,X51005447860
70,invoice,X51006401836
71,invoice,X51006401869
72,invoice,X51006401978
73,invoice,X51006414394
74,invoice,X51006414429
75,invoice,X51006414431
76,invoice,X51006414470
77,invoice,X51006414485
78,invoice,X51006414519
79,invoice,X51006414533
80,invoice,X51006414599
81,invoice,X51006414631
82,invoice,X51006414633
83,invoice,X51006414638
84,invoice,X51006414671
85,invoice,X51006414674
86,invoice,X51006414677
87,invoice,X51006414679
88,invoice,X51006414700
89,invoice,X51006414703
90,invoice,X51006414714
91,invoice,X51006414718
92,invoice,X51006414719
93,invoice,X51006414721
94,invoice,X51006414733
95,invoice,X51006441473
96,invoice,X51006441474
97,invoice,X51006466055
98,invoice,X51006466060
99,invoice,X51006466062
100,invoice,X51006466066
101,invoice,X51006466778
102,invoice,X51006502529
103,invoice,X51006502533
104,invoice,X51006555072
105,invoice,X51006555125
106,invoice,X51006555570
107,invoice,X51006555780
108,invoice,X51006555784
109,invoice,X51006555806
110,invoice,X51006555814
111,invoice,X51006555817
112,invoice,X51006555818
113,invoice,X51006556591
114,invoice,X51006556596
115,invoice,X51006556646
116,invoice,X51006556650
117,invoice,X51006556730
118,invoice,X51006556732
119,invoice,X51006556738
120,invoice,X51006556815
121,invoice,X51006556818
122,invoice,X51006556823
123,invoice,X51006556824
124,invoice,X51006556828
125,invoice,X51006556830
126,invoice,X51006556838
127,invoice,X51006556840
128,invoice,X51006556841
129,invoice,X51006556852
130,invoice,X51006556861
131,invoice,X51006557117
132,invoice,X51006557161
133,invoice,X51006557168
134,invoice,X51006557170
135,invoice,X51006557179
136,invoice,X51006557184
137,invoice,X51006557185
138,invoice,X51006557188
139,invoice,X51006557193
140,invoice,X51006557195
141,invoice,X51006557198
142,invoice,X51006557202
143,invoice,X51006557210
144,invoice,X51006557508
145,invoice,X51006619341
146,invoice,X51006619343
147,invoice,X51006619496
148,invoice,X51006619550
149,invoice,X51006619561
150,invoice,X51006619563
151,invoice,X51006619694
152,invoice,X51006619696
153,invoice,X51006619698
154,invoice,X51006619709
155,invoice,X51006619765
156,invoice,X51006619772
157,invoice,X51005453729
158,invoice,X51005453801
159,invoice,X51005453802
160,invoice,X51005453804
161,invoice,X51005568827
162,invoice,X51005568829
163,invoice,X51005568880
164,invoice,X51005568881
165,invoice,X51005568891
166,invoice,X51005568900
167,invoice,X51005568913
168,invoice,X51005568914
169,invoice,X51005577192
170,invoice,X51005587254
171,invoice,X51005587267
172,invoice,X51005605286
173,invoice,X51005605285
174,invoice,X51005663276
175,invoice,X51005663278
176,invoice,X51005663279
177,invoice,X51005663280
178,invoice,X51005663298
179,invoice,X51005663317
180,invoice,X51005675095
181,invoice,X51006619777
182,invoice,X51006619780
183,invoice,X51006619783
184,invoice,X51006619785
185,invoice,X51006619854
186,invoice,X51006619862
187,invoice,X51006620161
188,invoice,X51006620181
189,invoice,X51006620186
190,invoice,X51006620190
191,invoice,X51006620414
192,invoice,X51006647932
193,invoice,X51006679222
194,invoice,X51006713996
195,invoice,X51006733494
196,invoice,X51006828217
197,invoice,X51006857071
198,invoice,X51006857265
199,invoice,X51006857660
200,invoice,X51006867435
201,invoice,X51005676536
202,invoice,X51005676538
203,invoice,X51006867436
204,invoice,X51006882603
205,invoice,X51006912960
206,invoice,X51006912972
207,invoice,X51006912974
208,invoice,X51006913019
209,invoice,X51006913024
210,invoice,X51006913028
211,invoice,X51006913031
212,invoice,X51006913051
213,invoice,X51006913054
214,invoice,X51006913055
215,invoice,X51006913059
216,invoice,X51006913068
217,invoice,X51006913073
218,invoice,X51006913074
219,invoice,X51007103599
220,invoice,X51007103639
221,invoice,X51007103643
222,invoice,X51007103675
223,invoice,X51007103681
224,invoice,X51007103688
225,invoice,X51007103691
226,invoice,X51007103692
227,invoice,X51007103702
228,invoice,X51007135037
229,invoice,X51007135247
230,invoice,X51007225398
231,invoice,X51007225442
232,invoice,X51007228448
233,invoice,X51007231338
234,invoice,X51007231344
235,invoice,X51007231361
236,invoice,X51007231365
237,invoice,X51007231370
238,invoice,X51007262315
239,invoice,X51007262328
240,invoice,X51007262330
241,invoice,X51007339094
242,invoice,X51007339095
243,invoice,X51007339097
244,invoice,X51007339098
245,invoice,X51007339100
246,invoice,X51007339106
247,invoice,X51007339107
248,invoice,X51007339110
249,invoice,X51007339111
250,invoice,X51007339112
251,invoice,X51007339114
252,invoice,X51007339118
253,invoice,X51007339120
254,invoice,X51007339126
255,invoice,X51007339130
256,invoice,X51007339131
257,invoice,X51007339132
258,invoice,X51007339133
259,invoice,X51007339135
260,invoice,X51007339136
261,invoice,X51007339139
262,invoice,X51007339146
263,invoice,X51007339150
264,invoice,X51007339152
265,invoice,X51007339156
266,invoice,X51007339157
267,invoice,X51007339158
268,invoice,X51007339162
269,invoice,X51007339164
270,invoice,X51007339165
271,invoice,X51007339166
272,invoice,X51007339167
273,invoice,X51007339639
274,invoice,X51007339642
275,invoice,X51007339647
276,invoice,X51007339648
277,invoice,X51007339650
278,invoice,X51007339651
279,invoice,X51007339653
280,invoice,X51007339656
281,invoice,X51007339658
282,invoice,X51007391372
283,invoice,X51007419197
284,invoice,X51007579726
285,invoice,X51007843145
286,invoice,X51007846269
287,invoice,X51007846270
288,invoice,X51007846301
289,invoice,X51007846305
290,invoice,X51007846307
291,invoice,X51007846309
292,invoice,X51007846326
293,invoice,X51007846350
294,invoice,X51007846353
295,invoice,X51007846357
296,invoice,X51007846366
297,invoice,X51007846368
298,invoice,X51007846370
299,invoice,X51007846388
300,invoice,X51007846391
301,invoice,X51007846393
302,invoice,X51007846398
303,invoice,X51007846410
304,invoice,X51007846451
305,invoice,X51008030565
306,invoice,X51008042777
307,invoice,X51008042782
308,invoice,X51008042783
309,invoice,X51008042791
310,invoice,X51008042792
311,invoice,X51008063849
312,invoice,X51008099041
313,invoice,X51008099043
314,invoice,X51008099044
315,invoice,X51008099046
316,invoice,X51008099048
317,invoice,X51008099054
318,invoice,X51008099071
319,invoice,X51008099073
320,invoice,X51008099084
321,invoice,X51008099085
322,invoice,X51008099087
323,invoice,X51008099089
324,invoice,X51008099102
325,invoice,X51008114216
326,invoice,X51008114217
327,invoice,X51008114262
328,invoice,X51008114281
329,invoice,X51008114282
330,invoice,X51008114283
331,invoice,X51008114321
332,invoice,X51008122920
333,invoice,X51008123446
334,invoice,X51008123447
335,invoice,X51008123476
336,invoice,X51008123580
337,invoice,X51008123586
338,invoice,X51008123599
339,invoice,X51008123604
340,invoice,X51008128052
341,invoice,X51008128062
342,invoice,X51008128065
343,invoice,X51008142005
344,invoice,X51008142031
345,invoice,X51008142032
346,invoice,X51008142033
347,invoice,X51008142034
348,invoice,X51008142060
349,invoice,X51008142061
350,invoice,X51008142062
351,invoice,X51008142063
352,invoice,X51008142065
353,invoice,X51008145450
354,invoice,X51008145504
355,invoice,X51008145505
356,invoice,X51008164420
357,invoice,X51008164510
358,invoice,X51008164524
359,invoice,X51008164525
360,invoice,X51008164969
361,invoice,X51008164991
362,invoice,X51008164992
363,invoice,X51008164996
364,invoice,X51008164997
365,invoice,X51008164998
366,invoice,X51009453801
367,invoice,X51009453804
368,invoice,X51005889296
369,invoice,X51006008057
370,invoice,X51006008073
371,invoice,X51006008074
372,invoice,X51006008086
373,invoice,X51006008089
374,invoice,X51006008091
375,invoice,X51006008095
376,invoice,X51006008197
377,invoice,X51006311758
378,invoice,X51006311764
379,invoice,X51006311767
380,invoice,X51006327978
381,invoice,X51006328913
382,invoice,X51006328919
383,invoice,X51006328920
384,invoice,X51006329395
385,invoice,X51006332575
386,invoice,X51006332649
387,invoice,X51006334741
388,invoice,X51006334926
389,invoice,X51006335552
390,invoice,X51006349086
391,invoice,X51006350763
392,invoice,X51006387740
393,invoice,X51006387813
394,invoice,X51006387850
395,invoice,X51006387932
396,invoice,X51006387951
397,invoice,X51006387953
398,invoice,X51006387971
399,invoice,X51006388044
